Epic ID,Epic,Task ID,Task,Type,Module,Priority,Story Points,Depends On,Sprints,Acceptance
E01,工程与质量基线,E01-T01,初始化 Go workspace 与模块边界,ENGINEERING,repository,MUST,3,,S0,go test ./... 通过
E01,工程与质量基线,E01-T02,接入格式化、静态检查和依赖边界,ENGINEERING,ci,MUST,5,E01-T01,S0,Domain/Engine 禁止反向依赖
E01,工程与质量基线,E01-T03,建立 PostgreSQL Migration Runner,ENGINEERING,postgres-adapter,MUST,5,E01-T01,S0,checksum、advisory lock、重复执行保护
E01,工程与质量基线,E01-T04,建立 PostgreSQL CI 服务,TEST,ci,MUST,3,E01-T03,S0,全部 baseline migration 在锁定 PostgreSQL 版本执行
E01,工程与质量基线,E01-T05,生成 OpenAPI Server/Client 骨架,ENGINEERING,http-adapter,MUST,5,E01-T01,S0,14 operationId 全部生成且不进入 Domain
E01,工程与质量基线,E01-T06,建立 Golden Case Test Harness,TEST,test/golden,MUST,8,E01-T01,S0,136 cases 可发现、分组、执行和报告
E01,工程与质量基线,E01-T07,建立版本、构建和 SBOM,DEVOPS,release,MUST,3,E01-T02,S0,同 commit 可复现
E02,Shared Kernel 与确定性,E02-T01,Decimal 封装与精度保护,DOMAIN,shared/decimal,MUST,8,E01-T01,S1,禁止 float 构造；precision error 明确
E02,Shared Kernel 与确定性,E02-T02,Money、ChargeEffect 与总计,DOMAIN,shared/money,MUST,5,E02-T01,S1,金额非负；ADD-DEDUCT 守恒
E02,Shared Kernel 与确定性,E02-T03,Quantity、Unit 与精确换算,DOMAIN,shared/unit,MUST,8,E02-T01,S1,1 lb=0.45359237 kg 精确
E02,Shared Kernel 与确定性,E02-T04,时间、BusinessTime 和区间类型,DOMAIN,shared/time,MUST,5,E01-T01,S1,左闭右开；时区明确
E02,Shared Kernel 与确定性,E02-T05,稳定排序与 canonical hash,DOMAIN,shared/determinism,MUST,8,E02-T01,S1,输入数组/map 顺序不影响 hash
E02,Shared Kernel 与确定性,E02-T06,统一 DomainError 与 Problem 映射,DOMAIN,shared/errors,MUST,5,E01-T05,S1,错误码与 API Contract 一致
E03,数据库与 Repository,E03-T01,执行 Baseline Migration 与 schema smoke test,DATABASE,migrations,MUST,8,E01-T04,"S1,S2",空库执行成功；manifest 表清单一致
E03,数据库与 Repository,E03-T02,实现 tenant transaction 与 RLS,DATABASE,postgres-adapter,MUST,8,E03-T01,"S1,S2",跨 tenant 读写全部失败
E03,数据库与 Repository,E03-T03,实现 Version/Release Repository,DATABASE,postgres-adapter,MUST,8,E03-T01,"S1,S2",单请求冻结一个 release
E03,数据库与 Repository,E03-T04,实现 Snapshot/Fact Repository,DATABASE,postgres-adapter,MUST,8,E03-T01,"S1,S2",批量读取；append-only
E03,数据库与 Repository,E03-T05,实现 Evaluation Repository 两段事务,DATABASE,postgres-adapter,MUST,13,E03-T01,"S1,S2",REQUESTED/EVALUATING/COMPLETED/FAILED 恢复
E03,数据库与 Repository,E03-T06,实现 Idempotency、Operation、Batch Repository,DATABASE,postgres-adapter,MUST,13,E03-T01,"S1,S2",lease、重试、SKIP LOCKED
E03,数据库与 Repository,E03-T07,实现 Outbox/Inbox Repository,DATABASE,postgres-adapter,MUST,8,E03-T01,"S1,S2",状态与 outbox 同事务；消费者幂等
E04,Product、Pricing 与 Contract Domain,E04-T01,ServiceProduct 与 Eligibility Domain,DOMAIN,domain/producteligibility,MUST,8,E02-T04,S2,硬限制不可被合同放宽
E04,Product、Pricing 与 Contract Domain,E04-T02,PricingPlan 与 RateTable Domain,DOMAIN,domain/pricingcatalog,MUST,13,E02-T02,S2,BUY/SELL role 明确；版本不可变
E04,Product、Pricing 与 Contract Domain,E04-T03,ChargeDefinition 与 typed policy,DOMAIN,domain/pricingcatalog,MUST,13,E04-T02,S2,Scope/Basis/Method/Effect 独立
E04,Product、Pricing 与 Contract Domain,E04-T04,CustomerContract 与显式覆盖,DOMAIN,domain/contractpolicy,MUST,13,E04-T02,S2,无隐式 BUY→SELL 继承
E04,Product、Pricing 与 Contract Domain,E04-T05,VersionManifest 与 Release Resolver,APPLICATION,application/pricing,MUST,8,"E03-T03,E04-T04",S2,冲突不静默选 latest
E05,Snapshot 与 Fact Selection,E05-T01,API DTO 到 Snapshot Mapper,APPLICATION,application/rating,MUST,8,"E01-T05,E03-T04",S3,不预先舍入、不删邮编前导零
E05,Snapshot 与 Fact Selection,E05-T02,MeasurementFact 创建和校验,APPLICATION,application/facts,MUST,8,E03-T04,S3,物理重量/尺寸语义正确
E05,Snapshot 与 Fact Selection,E05-T03,CarrierAssessmentFact 创建和校验,APPLICATION,application/facts,MUST,8,E03-T04,S3,billed weight 不成为 actual weight
E05,Snapshot 与 Fact Selection,E05-T04,FactSelectionPolicy 执行器,ENGINE,engine/facts,MUST,13,"E04-T05,E05-T02,E05-T03",S3,同优先级冲突失败；fallback 留证
E06,Compiled Plan 与发布,E06-T01,Artifact Manifest 编解码和 hash,ENGINE,engine/plan,MUST,8,E02-T05,"S3,S4",Schema 示例通过；hash 校验
E06,Compiled Plan 与发布,E06-T02,RateIndex Compiler,ENGINE,engine/plan,MUST,13,E04-T02,"S3,S4",11 种 family 编译校验
E06,Compiled Plan 与发布,E06-T03,Charge DAG Compiler,ENGINE,engine/plan,MUST,13,E04-T03,"S3,S4",无环、稳定拓扑、类型匹配
E06,Compiled Plan 与发布,E06-T04,Contract sparse override compiler,ENGINE,engine/plan,MUST,13,E04-T04,"S3,S4",覆盖特异度唯一
E06,Compiled Plan 与发布,E06-T05,Golden Gate 与 Release 激活,APPLICATION,application/governance,MUST,13,"E01-T06,E06-T02,E06-T03,E06-T04","S3,S4",全部必需案例通过才可 ACTIVE
E06,Compiled Plan 与发布,E06-T06,L1 Artifact Cache 与 singleflight,INFRA,engine/plan,MUST,8,E06-T01,"S3,S4",按 content hash；淘汰只影响性能
E07,Geometry Engine,E07-T01,尺寸校验、换算和排序,ENGINE,engine/geometry,MUST,8,"E02-T03,E05-T04",S4,边>0；最长/次/短稳定
E07,Geometry Engine,E07-T02,Dimension Rounding,ENGINE,engine/geometry,MUST,5,E07-T01,S4,before/after ordering 唯一
E07,Geometry Engine,E07-T03,Volume、Girth 和 irregular policy,ENGINE,engine/geometry,MUST,8,E07-T01,S4,公式和证据正确
E07,Geometry Engine,E07-T04,Package Feature Evaluator,ENGINE,engine/geometry,MUST,8,E07-T03,S4,多分支命中但特征唯一
E08,Weight Engine,E08-T01,Actual/Volumetric calculator,ENGINE,engine/weight,MUST,8,E07-T03,"S4,S5",divisor 带单位；不重复舍入
E08,Weight Engine,E08-T02,Conditional Minimum resolver,ENGINE,engine/weight,MUST,8,E07-T04,"S4,S5",MAX/FIRST/EXCLUSIVE
E08,Weight Engine,E08-T03,六类 Billable Strategy,ENGINE,engine/weight,MUST,13,"E08-T01,E08-T02","S4,S5",MAX/ACTUAL/VOLUMETRIC/THRESHOLD/PARTIAL/BLENDED
E08,Weight Engine,E08-T04,Carrier billed weight strategy,ENGINE,engine/weight,MUST,5,E05-T03,"S4,S5",不再执行系统 billable method
E08,Weight Engine,E08-T05,Weight rounding trace,ENGINE,engine/weight,MUST,5,E08-T03,"S4,S5",精确倍数不多加 increment
E09,Aggregation 与 Rate Lookup,E09-T01,五种 Aggregation 模式,ENGINE,engine/aggregation,MUST,13,E08-T05,S5,PER_PACKAGE/SHIPMENT_TOTAL/FIRST_CONTINUE/MASTER/HYBRID
E09,Aggregation 与 Rate Lookup,E09-T02,确定性最大余数分摊,ENGINE,engine/aggregation,MUST,8,"E02-T05,E09-T01",S5,分摊总和严格守恒
E09,Aggregation 与 Rate Lookup,E09-T03,WEIGHT_ZONE/COUNTRY/REGION indexes,ENGINE,engine/ratelookup,MUST,13,E06-T02,S5,左闭右开、唯一命中
E09,Aggregation 与 Rate Lookup,E09-T04,FIRST_CONTINUE/PER_UNIT/FLAT,ENGINE,engine/ratelookup,MUST,8,E06-T02,S5,续重次数 ceiling
E09,Aggregation 与 Rate Lookup,E09-T05,Tiered/Indexed/Published/Custom lookup,ENGINE,engine/ratelookup,MUST,13,E06-T02,S5,banded/progressive 区分
E10,Charge、Fuel、Currency 与商业转换,E10-T01,Basis Resolver,ENGINE,engine/charge,MUST,13,E09-T05,"S6,S7",SelectedCharges 无自引用
E10,Charge、Fuel、Currency 与商业转换,E10-T02,11 种 Charge Method,ENGINE,engine/charge,MUST,13,E10-T01,"S6,S7",全部方法算法一致
E10,Charge、Fuel、Currency 与商业转换,E10-T03,Composition Executor,ENGINE,engine/charge,MUST,13,"E06-T03,E10-T02","S6,S7",REPLACE→EXCLUSIVE→FIRST→MAX→STACK→CAP
E10,Charge、Fuel、Currency 与商业转换,E10-T04,Fuel Policy,ENGINE,engine/charge,MUST,8,E10-T03,"S6,S7",基数 source line 和 index 证据完整
E10,Charge、Fuel、Currency 与商业转换,E10-T05,Currency Engine,ENGINE,engine/currency,MUST,13,E02-T02,"S6,S7",方向/path/version/rounding 完整
E10,Charge、Fuel、Currency 与商业转换,E10-T06,Cost Plus 与 Target Margin,ENGINE,engine/charge,MUST,13,"E10-T03,E10-T05","S6,S7",target margin 公式正确；无环
E11,Stage Executor 与 RatingApplication,E11-T01,26 Stage 类型化接口,ENGINE,engine/stage,MUST,13,"E07-T04,E08-T05,E09-T05,E10-T06",S7,阶段顺序与语义规范一致
E11,Stage Executor 与 RatingApplication,E11-T02,稳定并行执行与合并,ENGINE,engine/stage,MUST,13,E11-T01,S7,串行/并行 content hash 相同
E11,Stage Executor 与 RatingApplication,E11-T03,Evaluation Validator/Builder,ENGINE,domain/rating,MUST,13,E11-T01,S7,Package/Line/Manifest/Total 完整
E11,Stage Executor 与 RatingApplication,E11-T04,RatingApplication 两段事务,APPLICATION,application/rating,MUST,13,"E03-T05,E05-T04,E06-T06,E11-T03",S7,崩溃恢复、幂等、Outbox
E12,API、Eligibility 与 Comparison,E12-T01,Eligibility endpoint,API,http-adapter,MUST,8,"E04-T01,E05-T01",S8,eligible=false 为成功判断
E12,API、Eligibility 与 Comparison,E12-T02,Rating create/read endpoint,API,http-adapter,MUST,13,E11-T04,S8,201/202/Problem/Projection
E12,API、Eligibility 与 Comparison,E12-T03,Comparison Application/endpoint,APPLICATION,application/comparison,MUST,13,E11-T04,S8,候选独立失败、稳定排序
E12,API、Eligibility 与 Comparison,E12-T04,字段级 Cost Projection,SECURITY,application/projection,MUST,8,E12-T02,S8,无 cost:read 时 BUY 泄露为 0
E12,API、Eligibility 与 Comparison,E12-T05,OpenAPI Contract Test,TEST,test/contract,MUST,8,"E12-T01,E12-T02,E12-T03",S8,示例、未知字段、Decimal、errors 全通过
E13,Quote Management,E13-T01,Quote Domain 与状态机,DOMAIN,domain/quote,MUST,8,E02-T02,S9,DRAFT/OFFERED/ACCEPTED/EXPIRED/CANCELLED/SUPERSEDED
E13,Quote Management,E13-T02,Quote Repository 与 ETag,DATABASE,postgres-adapter,MUST,8,"E03-T01,E13-T01",S9,If-Match 并发冲突
E13,Quote Management,E13-T03,Quote Application commands,APPLICATION,application/quote,MUST,13,"E13-T02,E12-T02",S9,仅引用 completed SELL/PUBLIC；Accept 不建应收
E13,Quote Management,E13-T04,Quote API Contract Test,TEST,test/contract,MUST,8,E13-T03,S9,6 Quote operation 全通过
E14,Async、Batch 与 Replay,E14-T01,Worker lease/reaper,APPLICATION,application/worker,MUST,13,"E03-T06,E11-T04","S9,S10",过期 lease 可恢复；只有一个 COMPLETE
E14,Async、Batch 与 Replay,E14-T02,Batch Application/API,APPLICATION,application/batch,MUST,13,E14-T01,"S9,S10",1000 item；局部失败；cursor
E14,Async、Batch 与 Replay,E14-T03,Replay Application/API,APPLICATION,application/replay,MUST,13,"E06-T06,E14-T01","S9,S10",不调用 current resolver；hash 对比
E14,Async、Batch 与 Replay,E14-T04,故障注入测试,TEST,test/fault,MUST,13,"E14-T01,E14-T02,E14-T03","S9,S10",事务A后崩溃、提交不确定、artifact timeout
E15,治理、导入与运营能力,E15-T01,RateCard staging/import,APPLICATION,application/governance,MUST,13,"E03-T01,E04-T02",S10,COPY、行错误报告、不可直接 ACTIVE
E15,治理、导入与运营能力,E15-T02,UPS Ground 基线导入适配,APPLICATION,adapters/import,MUST,13,E15-T01,S10,1050 基础费率与附加费一致；歧义隔离
E15,治理、导入与运营能力,E15-T03,Release 审批与激活,APPLICATION,application/governance,MUST,13,"E06-T05,E15-T01",S10,SoD、Golden Gate、原子激活
E15,治理、导入与运营能力,E15-T04,Rating Explanation Query,APPLICATION,application/query,MUST,8,E11-T03,S10,回答事实、公式、规则、价表、舍入
E16,可观测性、安全、性能与上线,E16-T01,Metrics/Tracing/Business Trace,OBSERVABILITY,telemetry-adapter,MUST,8,E11-T04,S11,无高基数/敏感字段
E16,可观测性、安全、性能与上线,E16-T02,安全测试与审计,SECURITY,test/security,MUST,13,"E03-T02,E12-T04,E13-T03",S11,tenant/BUY/Artifact/PII 泄露为0
E16,可观测性、安全、性能与上线,E16-T03,性能基准与容量压测,PERFORMANCE,test/performance,MUST,13,"E12-T02,E14-T02",S11,单包热P95目标、200包、1000批量
E16,可观测性、安全、性能与上线,E16-T04,HA、备份和恢复演练,DEVOPS,operations,MUST,13,"E03-T01,E14-T01",S11,PITR 后 Replay hash 一致
E16,可观测性、安全、性能与上线,E16-T05,灰度发布和回滚演练,DEVOPS,release,MUST,8,"E15-T03,E16-T02,E16-T03,E16-T04",S11,pricing/app/db 各自可回滚
E16,可观测性、安全、性能与上线,E16-T06,MVP-A 验收与冻结,GOVERNANCE,program,MUST,5,E16-T05,S11,所有 MUST 门禁为绿
